PSYCH4019_1,Psy 4H Single:Cog Neuro Ageing,Mon,27/04/2015,09:30 - 10:30,Room 227 St Andrews Building
PSYCH2011_1,Psych 2B Paper 1,Tue,28/04/2015,09:30 - 11:30,"Bute Hall,Kelvin Gallery"
PSYCH1002_1,Psych 1B: Soc.Dev. & Ind.,Wed,29/04/2015,09:30 - 11:30,"Kelvin Gallery,Randolph Hall,Bute Hall"
PSYCH4031_1,Psy 4H Single: Neuropsy Def,Wed,29/04/2015,09:30 - 10:30,Room 208 John McIntyre Bldg
PSYCH4028_1,Psy 4H Single: Lang and Mean,Thu,30/04/2015,14:00 - 15:00,Room 234 St Andrew's Building
PSYCH4023_1,Psy 4H Single: FMRi,Wed,06/05/2015,14:00 - 15:00,Rm 253 Gilbert Scott Conference Suite
PSYCH4022_1,Psyc 4H Single:Conc & Emp Res,Thu,07/05/2015,09:30 - 10:30,Rm 250 Gilbert Scott Conference Suite
PSYCH2011_2,Psych 2B Paper 2,Fri,08/05/2015,14:00 - 15:00,"Bute Hall,Kelvin Gallery"
PSYCH4032_1,Psy 4H Single: Positive Psych,Mon,11/05/2015,14:00 - 15:00,Gym St. Andrews Building
PSYCH4040_1,Psy 4H Single:Sleep&Circ Time,Tue,12/05/2015,09:30 - 10:30,Room 234 St Andrew's Building
PSYCH3002_1,Psyc Studies Cognitive Psyc,Wed,13/05/2015,09:30 - 10:30,Hunter Hall East
PSYCH4002_1,Psychology 3 Cognitive Psych,Wed,13/05/2015,09:30 - 10:30,Hunter Hall East
PSYCH4014_1,Psy 4H Single: Autism Spec Dis,Wed,13/05/2015,09:30 - 10:30,O.T.C. Drill Hall
PSYCH4018_1,Psy 4H Single: Cog Neuro Ins,Wed,13/05/2015,14:00 - 15:00,Room 227 St Andrews Building
PSYCH4034_1,Psych&Biol of Mental Disorders,Thu,14/05/2015,09:30 - 10:30,Hunter Hall West
PSYCH5033_1,Social Psychology (PGT Conv),Fri,15/05/2015,14:00 - 15:00,Kelvin Gallery
PSYCH3008_1,Psyc Studies Social Psychology,Fri,15/05/2015,14:00 - 15:00,Room 201 John McIntyre Bldg
PSYCH4036_1,Psychology 3 Social Psychology,Fri,15/05/2015,14:00 - 15:00,Kelvin Gallery
PSYCH4064_1,Psy 4HS: Decision Neurosci,Mon,18/05/2015,09:30 - 10:30,Fore Hall
PSYCH4039_1,Psychology 3 Individual Differ,Mon,18/05/2015,14:00 - 15:00,Hunter Hall East
PSYCH3007_1,Psyc Studies Individual Differ,Mon,18/05/2015,14:00 - 15:00,Hunter Hall East
PSYCH4037_1,Psychology 3 Statistics,Tue,19/05/2015,14:00 - 16:00,Kelvin Gallery
PSYCH4027_1,Psy 4H Single:Interact & Comm,Wed,20/05/2015,09:30 - 10:30,O.T.C. Drill Hall
PSYCH4065_1,Physiological Psychology L3,Wed,20/05/2015,14:00 - 15:00,Bute Hall
PSYCH5029_1,Physio Psychology (PGT Conv),Wed,20/05/2015,14:00 - 15:00,Bute Hall
PSYCH4063_1,Psy 4H:Adv. Evolutionary Psych,Thu,21/05/2015,09:30 - 10:30,Fore Hall
PSYCH4024_1,Psy 4H Single: Forensic Psych,Thu,21/05/2015,14:00 - 15:00,Kelvin Gallery
PSYCH5028_1,Percept & Vis Cog  (PGT Conv),Fri,22/05/2015,09:30 - 10:30,Hunter Hall East
PSYCH4008_1,Psychology 3 Percept & Vis Cog,Fri,22/05/2015,09:30 - 10:30,Hunter Hall East
PSYCH4033_1,Psy 4H Single:Psy Intervention,Fri,22/05/2015,14:00 - 15:00,Bute Hall
